HTB: Support,hackthebox ctf htb-support nmap ldapsearch crackmapexec smbclient dotnet wireshark reverse-engineering dnspy bloodhound ldapdomaindump evil-winrm powerview powermad rubeus sharp-collection ms-ds-machineaccountquota
HTB: Servmon,
HTB: Mailing,hackthebox ctf htb-mailing nmap ffuf feroxbuster file-read directory-traversal lfi hmailserver crackstation cve-2024-21413 responder net-ntlmv2 hashcat netexec evil-winrm libreoffice cve-2023-2255 seimpersonate godpotato python-smtplib swaks
HTB: Access,htb-access hackthebox ctf mdbtools readpst mutt telnet runas cached-creds dpapi mimikatz pylnker
HTB: Blackfield,htb-blackfield ctf hackthebox nmap dns ldap ldapsearch crackmapexec smbmap smbclient as-rep-roast hashcat bloodhound bloodhound-python rpc-password-reset pypykatz evil-winrm sebackupprivilege copy-filesepackupprivilege efs diskshadow ntds vss secretsdump smbserver icacls cipher windows-sessions metasploit meterpreter oscp-plus htb-forest htb-multimaster htb-re
HTB: StreamIO,hackthebox htb-streamio ctf nmap windows domain-controller php wfuzz vhosts crackmapexec feroxbuster sqli sqli-union waf hashcat hydra lfi rfi burp burp-repeater mssql sqlcmd evil-winrm firefox firepwd bloodhound bloodhound-python laps htb-hancliffe oscp-like
HTB: Manager,ctf htb-manager hackthebox nmap windows ffuf iis feroxbuster netexec lookupsid rid-cycle ldapsearch ldapdomaindump kerbrute password-spray mssql mssqlclient xp-dirtree certipy adcs esc7 evil-winrm
HTB: Jeeves,htb-jeeves hackthebox ctf nmap windows feroxbuster gobuster jetty jenkins keepass kpcli hastcat passthehash crackstation psexec-py alternative-data-streams htb-object
HTB: Intelligence,ctf htb-intelligence hackthebox nmap windows crackmapexec smbmap smbclient smb dns dnsenum ldapsearch exiftool feroxbuster kerbrute python password-spray bloodhound bloodhound-python dnstool responder hashcat readgmsapassword gmsa gmsadumper silver-ticket wmiexec oscp-like
HTB: Escape,ctf htb-escape hackthebox nmap crackmapexec windows smbclient mssql mssqlclient xp-cmdshell responder net-ntlmv2 hashcat winrm evil-winrm certify adcs rubeus certipy esc1 silver-ticket pass-the-hash xp-dirtree htb-querier htb-hackback htb-proper openssl
HTB: Aero,ctf hackthebox htb-aero nmap windows windows11 iis-arr feroxbuster themebleed cve-2023-38146 msstyles dll youtube visual-studio cpp cff-explorer dll-reverse-shell cve-2023-28252 nokoyawa filesystemwatcher htb-helpline
HTB: Usage,htb-usage ctf hackthebox nmap ubuntu ffuf subdomain laravel sqli sqlmap blindsql hashcat laravel-admin cve-2023-24249 webshell monit wildcard 7z
HTB: Soccer,hackthebox ctf htb-soccer nmap ffuf subdomain ferobuster express ubuntu tiny-file-manager default-creds upload webshell php websocket burp sqli websocket-sqli boolean-based-sqli sqlmap doas dstat
HTB: Sau,ctf hackthebox htb-sau nmap request-baskets feroxbuster cve-2023-27163 ssrf mailtrail command-injection systemctl less pager-exploit
HTB: Pandora,ctf hackthebox htb-pandora nmap feroxbuster vhosts snmp snmpwalk snmpbulkwalk mibs python python-dataclass pandora-fms cve-2021-32099 sqli injection sqli-union sqlmap auth-bypass cve-2020-13851 command-injection upload webshell path-hijack mpm-itk apache youtube htb-sneaky htb-openkeys oscp-like
HTB: Networked,ctf htb-networked hackthebox nmap apache dirsearch php upload webshell filter command-injection sudo ifcfg oscp-like
HTB: Keeper,htb-keeper hackthebox ctf nmap request-tracker default-creds keepass cve-2022-32784 dotnet dotnet-linux docker chatgpt kpcli putty puttygen
HTB: Help,htb-help hackthebox ctf nmap graphql curl crackstation gobuster helpdeskz searchsploit exploit-db sqli blindsqli sqlmap ssh credentials filter php webshell exploit cve-2017-16995 cve-2017-5899 oswe-like
HTB: Editorial,
HTB: CozyHosting,hackthebox ctf htb-cozyhosting nmap ubuntu java spring-boot spring-boot-actuator feroxbuster command-injection bash-ifs bash-brace-expansion whitespace-filter burp burp-repeater postgresql jar jd-gui hashcat gtfobins ssh-proxycommand
HTB: Busqueda,hackthebox htb-busqueda ctf nmap flask ubuntu searchor feroxbuster python-eval command-injection burp burp-repeater password-reuse gitea htb-forgot
HTB: Broker,ctf hackthebox htb-broker ubuntu nmap activemq cve-2023-46604 deserialization java nginx shared-object ldpreload sudo-nginx
HTB: BoardLight,
HTB: Intentions,htb-intentions ctf hackthebox nmap ubuntu php laravel feroxbuster image-magick sqli second-order second-order-sqli sqli-union sqli-no-spaces sqlmap sqlmap-second-order ssrf arbitrary-object-instantiation msl scheme webshell upload git capabilities bruteforce python youtube file-read htb-extension htb-earlyaccess htb-nightmare
HTB: UpDown,htb-updown hackthebox ctf nmap ssrf feroxbuster wfuzz subdomain git gitdumper source-code php phar upload php-disable-functions php-proc_open python2-input python easy-install htb-crimestopper php-filter-injection youtube htb-crimestoppers dfunc-bypasser
HTB: Monitored,hackthebox htb-monitored ctf nmap nagios nagiosxi ldapsearch snmpwalk nagios-api api-fuzz feroxbuster burp burp-repeater cve-2023-40931 sqli sqlmap symbolic-link
HTB: Magic,hackthebox ctf htb-magic nmap sqli injection upload filter gobuster webshell php mysqldump su suid path-hijack apache oscp-like htb-networked
HTB: Timelapse,ctf htb-timelapse hackthebox nmap windows active-directory crackmapexec smbclient laps zip2john john pfx2john evil-winrm winrm-keys powershell-history htb-pivotapi oscp-like
HTB: Sauna,ctf hackthebox htb-sauna nmap windows ldapsearch ldap kerberos seclists as-rep-roast getnpusers hashcat evil-winrm smbserver winpeas autologon-credentials bloodhound sharphound neo4j dcsync secretsdump mimikatz wmiexec psexec oscp-plus
HTB: Return,ctf hackthebox htb-return nmap windows crackmapexec printer feroxbuster ldap wireshark evil-winrm server-operators service service-hijack windows-service htb-fuse htb-blackfield
HTB: Forest,hackthebox ctf htb-forest nmap active-directory dig dns rpc rpcclient as-rep-roast hashcat winrm evil-winrm sharphound smbserver bloodhound dcsync aclpwn wireshark scheduled-task oscp-like htb-active htb-reel htb-sizzle
HTB: Active,ctf hackthebox htb-active active-directory gpp-password gpp-decrypt smb smbmap smbclient enum4linux getuserspns kerberoast hashcat psexec-py oscp-like
HTB: Flight,htb-flight hackthebox ctf nmap subdomain crackmapexec windows php apache feroxbuster file-read directory-traversal responder net-ntlmv2 password-spray lookupsid rpc ntlm-theft runascs iis webshell aspx rubeus machine-account dcsync secretsdump psexec
HTB: Monteverde,htb-monteverde hackthebox ctf nmap windows active-directory smb smbclient smbmap rpc rpcclient crackmapexec password-spray credentials azure-active-directory evil-winrm azure-connect powershell sqlcmd mssql oscp-plus
HTB: Cascade,hackthebox htb-cascade ctf nmap rpc ldap ldapsearch smb tightvnc vncpwd evil-winrm crackmapexec sqlite dnspy debug ad-recycle oscp-plus
